actual_return_3yr_pct,predicted_return_3yr_pct
5.31,8.534500000000007
12.33,12.7759
14.0,14.054700000000004
15.18,15.756100000000002
6.07,8.408200000000013
18.08,16.446499999999993
12.82,12.971199999999994
20.98,21.133399999999998
