feature,importance
std_dev_ann_pct,0.6950641096611037
beta,0.08382718698912199
sharpe_ratio,0.07285762309093227
max_drawdown_pct,0.06407129739250411
sortino_ratio,0.05895584240450352
alpha,0.013973649774769127
expense_ratio_pct,0.011250290687065484
